,Text,Gospel
0,"diciendo que había entrado a posar con un hombre pecador. Entonces Zaqueo, puesto en pie, dijo al Señor: He aquí, Señor, la mitad de mis bienes doy a los pobres; y si en algo he defraudado a alguno, se lo devuelvo cuadruplicado. Jesús le dijo: Hoy ha venido la salvación a esta casa; por cuanto él también es hijo de Abraham. Porque el Hijo del Hombre vino a buscar y a salvar lo que se",3
1,"Puesto que ya muchos han tratado de poner en orden la historia de las cosas que entre nosotros han sido ciertísimas, tal como nos lo enseñaron los que desde el principio lo vieron con sus ojos, y fueron ministros de la palabra, me ha parecido también a mí, después de haber investigado con diligencia todas las cosas desde su origen, escribírtelas por orden, oh excelentísimo Teófilo, para que conozcas bien la verdad de las cosas",3
2,"ella. Aconteció que al octavo día vinieron para circuncidar al niño; y le llamaban con el nombre de su padre, Zacarías; pero respondiendo su madre, dijo: No; se llamará Juan. Le dijeron: ¿Por qué? No hay nadie en tu parentela que se llame con ese nombre. Entonces preguntaron por señas a su padre, cómo le quería llamar. Y pidiendo una tablilla, escribió, diciendo: Juan es su nombre. Y todos se maravillaron. Al momento fue abierta",3
3,"y los odres se perderán. Mas el vino nuevo en odres nuevos se ha de echar; y lo uno y lo otro se conservan. Y ninguno que beba del añejo, quiere luego el nuevo; porque dice: El añejo es mejor. Aconteció en un día de reposo, que pasando Jesús por los sembrados, sus discípulos arrancaban espigas y comían, restregándolas con las manos. Y algunos de los fariseos les dijeron: ¿Por qué hacéis lo que no",3
4,"la vida eterna. Tomando Jesús a los doce, les dijo: He aquí subimos a Jerusalén, y se cumplirán todas las cosas escritas por los profetas acerca del Hijo del Hombre. Pues será entregado a los gentiles, y será escarnecido, y afrentado, y escupido. Y después que le hayan azotado, le matarán; mas al tercer día resucitará. Pero ellos nada comprendieron de estas cosas, y esta palabra les era encubierta, y no entendían lo que se",3
5,"manera: Dios, te doy gracias porque no soy como los otros hombres, ladrones, injustos, adúlteros, ni aun como este publicano; ayuno dos veces a la semana, doy diezmos de todo lo que gano. Mas el publicano, estando lejos, no quería ni aun alzar los ojos al cielo, sino que se golpeaba el pecho, diciendo: Dios, sé propicio a mí, pecador. Os digo que éste descendió a su casa justificado antes que el otro; porque cualquiera",3
6,"que comían los cerdos, pero nadie le daba. Y volviendo en sí, dijo: ¡Cuántos jornaleros en casa de mi padre tienen abundancia de pan, y yo aquí perezco de hambre! Me levantaré e iré a mi padre, y le diré: Padre, he pecado contra el cielo y contra ti. Ya no soy digno de ser llamado tu hijo; hazme como a uno de tus jornaleros. Y levantándose, vino a su padre. Y cuando aún estaba",3
7,"dirige, como el que sirve. Porque, ¿cuál es mayor, el que se sienta a la mesa, o el que sirve? ¿No es el que se sienta a la mesa? Mas yo estoy entre vosotros como el que sirve. Pero vosotros sois los que habéis permanecido conmigo en mis pruebas. Yo, pues, os asigno un reino, como mi Padre me lo asignó a mí, para que comáis y bebáis a mi mesa en mi reino, y",3
8,"su presencia; y cuando llegó, le preguntó, diciendo: ¿Qué quieres que te haga? Y él dijo: Señor, que reciba la vista. Jesús le dijo: Recíbela, tu fe te ha salvado. Y luego vio, y le seguía, glorificando a Dios; y todo el pueblo, cuando vio aquello, dio alabanza a Dios. Habiendo entrado Jesús en Jericó, iba pasando por la ciudad. Y sucedió que un varón llamado Zaqueo, que era jefe de los publicanos, y rico,",3
9,"ley desecharon los designios de Dios respecto de sí mismos, no siendo bautizados por Juan. Y dijo el Señor: ¿A qué, pues, compararé los hombres de esta generación, y a qué son semejantes? Semejantes son a los muchachos sentados en la plaza, que dan voces unos a otros y dicen: Os tocamos flauta, y no bailasteis; os endechamos, y no llorasteis. Porque vino Juan el Bautista, que ni comía pan ni bebía vino, y decís:",3
10,"entre sí sus vestidos, echando suertes. Y el pueblo estaba mirando; y aun los gobernantes se burlaban de él, diciendo: A otros salvó; sálvese a sí mismo, si éste es el Cristo, el escogido de Dios. Los soldados también le escarnecían, acercándose y presentándole vinagre, y diciendo: Si tú eres el Rey de los judíos, sálvate a ti mismo. Había también sobre él un título escrito con letras griegas, latinas y hebreas: ESTE ES EL",3
11,"oiga. Y sus discípulos le preguntaron, diciendo: ¿Qué significa esta parábola? Y él dijo: A vosotros os es dado conocer los misterios del reino de Dios; pero a los otros por parábolas, para que viendo no vean, y oyendo no entiendan. Esta es, pues, la parábola: La semilla es la palabra de Dios. Y los de junto al camino son los que oyen, y luego viene el diablo y quita de su corazón la palabra,",3
12,"por medio de las riquezas injustas, para que cuando éstas falten, os reciban en las moradas eternas. El que es fiel en lo muy poco, también en lo más es fiel; y el que en lo muy poco es injusto, también en lo más es injusto. Pues si en las riquezas injustas no fuisteis fieles, ¿quién os confiará lo verdadero? Y si en lo ajeno no fuisteis fieles, ¿quién os dará lo que es vuestro?",3
13,"ellos al cielo, los pastores se dijeron unos a otros: Pasemos, pues, hasta Belén, y veamos esto que ha sucedido, y que el Señor nos ha manifestado. Vinieron, pues, apresuradamente, y hallaron a María y a José, y al niño acostado en el pesebre. Y al verlo, dieron a conocer lo que se les había dicho acerca del niño. Y todos los que oyeron, se maravillaron de lo que los pastores les decían. Pero María",3
14,"se regocijaba por todas las cosas gloriosas hechas por él. Y dijo: ¿A qué es semejante el reino de Dios, y con qué lo compararé? Es semejante al grano de mostaza, que un hombre tomó y sembró en su huerto; y creció, y se hizo árbol grande, y las aves del cielo anidaron en sus ramas. Y volvió a decir: ¿A qué compararé el reino de Dios? Es semejante a la levadura, que una mujer",3
15,"contaban las cosas que les habían acontecido en el camino, y cómo le habían reconocido al partir el pan. Mientras ellos aún hablaban de estas cosas, Jesús se puso en medio de ellos, y les dijo: Paz a vosotros. Entonces, espantados y atemorizados, pensaban que veían espíritu. Pero él les dijo: ¿Por qué estáis turbados, y vienen a vuestro corazón estos pensamientos? Mirad mis manos y mis pies, que yo mismo soy; palpad, y ved;",3
16,"la ley, los cuales habían venido de todas las aldeas de Galilea, y de Judea y Jerusalén; y el poder del Señor estaba con él para sanar. Y sucedió que unos hombres que traían en un lecho a un hombre que estaba paralítico, procuraban llevarle adentro y ponerle delante de él. Pero no hallando cómo hacerlo a causa de la multitud, subieron encima de la casa, y por el tejado le bajaron con el lecho,",3
17,"buena tierra, éstos son los que con corazón bueno y recto retienen la palabra oída, y dan fruto con perseverancia. Nadie que enciende una luz la cubre con una vasija, ni la pone debajo de la cama, sino que la pone en un candelero para que los que entran vean la luz. Porque nada hay oculto, que no haya de ser manifestado; ni escondido, que no haya de ser conocido, y de salir a luz.",3
18,"Levantándose entonces toda la muchedumbre de ellos, llevaron a Jesús a Pilato. Y comenzaron a acusarle, diciendo: A éste hemos hallado que pervierte a la nación, y que prohibe dar tributo a César, diciendo que él mismo es el Cristo, un rey. Entonces Pilato le preguntó, diciendo: ¿Eres tú el Rey de los judíos? Y respondiéndole él, dijo: Tú lo dices. Y Pilato dijo a los principales sacerdotes, y a la gente: Ningún delito hallo",3
19,"Judea, y por toda la región de alrededor. Los discípulos de Juan le dieron las nuevas de todas estas cosas. Y llamó Juan a dos de sus discípulos, y los envió a Jesús, para preguntarle: ¿Eres tú el que había de venir, o esperaremos a otro? Cuando, pues, los hombres vinieron a él, dijeron: Juan el Bautista nos ha enviado a ti, para preguntarte: ¿Eres tú el que había de venir, o esperaremos a otro?",3
20,"Al Señor tu Dios adorarás, y a él solo servirás. Y le llevó a Jerusalén, y le puso sobre el pináculo del templo, y le dijo: Si eres Hijo de Dios, échate de aquí abajo; porque escrito está: A sus ángeles mandará acerca de ti, que te guarden; y, En las manos te sostendrán, Para que no tropieces con tu pie en piedra. Respondiendo Jesús, le dijo: Dicho está: No tentarás al Señor tu Dios.",3
21,"pues, ¿de cuál de ellos será mujer, ya que los siete la tuvieron por mujer? Entonces respondiendo Jesús, les dijo: Los hijos de este siglo se casan, y se dan en casamiento; mas los que fueren tenidos por dignos de alcanzar aquel siglo y la resurrección de entre los muertos, ni se casan, ni se dan en casamiento. Porque no pueden ya más morir, pues son iguales a los ángeles, y son hijos de Dios,",3
22,"él le mandó que no lo dijese a nadie; sino ve, le dijo, muéstrate al sacerdote, y ofrece por tu purificación, según mandó Moisés, para testimonio a ellos. Pero su fama se extendía más y más; y se reunía mucha gente para oírle, y para que les sanase de sus enfermedades. Mas él se apartaba a lugares desiertos, y oraba. Aconteció un día, que él estaba enseñando, y estaban sentados los fariseos y doctores de",3
23,"principales sacerdotes, los escribas y los principales del pueblo procuraban matarle. Y no hallaban nada que pudieran hacerle, porque todo el pueblo estaba suspenso oyéndole. Sucedió un día, que enseñando Jesús al pueblo en el templo, y anunciando el evangelio, llegaron los principales sacerdotes y los escribas, con los ancianos, y le hablaron diciendo: Dinos: ¿con qué autoridad haces estas cosas? ¿o quién es el que te ha dado esta autoridad? Respondiendo Jesús, les dijo:",3
24,"los que habitan sobre la faz de toda la tierra. Velad, pues, en todo tiempo orando que seáis tenidos por dignos de escapar de todas estas cosas que vendrán, y de estar en pie delante del Hijo del Hombre. Y enseñaba de día en el templo; y de noche, saliendo, se estaba en el monte que se llama de los Olivos. Y todo el pueblo venía a él por la mañana, para oírle en el",3
25,"aún con vosotros: que era necesario que se cumpliese todo lo que está escrito de mí en la ley de Moisés, en los profetas y en los salmos. Entonces les abrió el entendimiento, para que comprendiesen las Escrituras; y les dijo: Así está escrito, y así fue necesario que el Cristo padeciese, y resucitase de los muertos al tercer día; y que se predicase en su nombre el arrepentimiento y el perdón de pecados en",3
26,"y lo que habéis hablado al oído en los aposentos, se proclamará en las azoteas. Mas os digo, amigos míos: No temáis a los que matan el cuerpo, y después nada más pueden hacer. Pero os enseñaré a quién debéis temer: Temed a aquel que después de haber quitado la vida, tiene poder de echar en el infierno; sí, os digo, a éste temed. ¿No se venden cinco pajarillos por dos cuartos? Con todo, ni",3
27,"he sido enviado a hablarte, y darte estas buenas nuevas. Y ahora quedarás mudo y no podrás hablar, hasta el día en que esto se haga, por cuanto no creíste mis palabras, las cuales se cumplirán a su tiempo. Y el pueblo estaba esperando a Zacarías, y se extrañaba de que él se demorase en el santuario. Pero cuando salió, no les podía hablar; y comprendieron que había visto visión en el santuario. El les",3
28,"Jesús le dijo: De cierto te digo que hoy estarás conmigo en el paraíso. Cuando era como la hora sexta, hubo tinieblas sobre toda la tierra hasta la hora novena. Y el sol se oscureció, y el velo del templo se rasgó por la mitad. Entonces Jesús, clamando a gran voz, dijo: Padre, en tus manos encomiendo mi espíritu. Y habiendo dicho esto, expiró. Cuando el centurión vio lo que había acontecido, dio gloria a",3
29,"y en sombra de muerte; Para encaminar nuestros pies por camino de paz. Y el niño crecía, y se fortalecía en espíritu; y estuvo en lugares desiertos hasta el día de su manifestación a Israel. Aconteció en aquellos días, que se promulgó un edicto de parte de Augusto César, que todo el mundo fuese empadronado. Este primer censo se hizo siendo Cirenio gobernador de Siria. E iban todos para ser empadronados, cada uno a su",3
30,"pueblo; y cómo le entregaron los principales sacerdotes y nuestros gobernantes a sentencia de muerte, y le crucificaron. Pero nosotros esperábamos que él era el que había de redimir a Israel; y ahora, además de todo esto, hoy es ya el tercer día que esto ha acontecido. Aunque también nos han asombrado unas mujeres de entre nosotros, las que antes del día fueron al sepulcro; y como no hallaron su cuerpo, vinieron diciendo que también",3
31,"el Hijo del Hombre cuando venga en su gloria, y en la del Padre, y de los santos ángeles. Pero os digo en verdad, que hay algunos de los que están aquí, que no gustarán la muerte hasta que vean el reino de Dios. Aconteció como ocho días después de estas palabras, que tomó a Pedro, a Juan y a Jacobo, y subió al monte a orar. Y entre tanto que oraba, la apariencia de",3
32,"REY DE LOS JUDÍOS. Y uno de los malhechores que estaban colgados le injuriaba, diciendo: Si tú eres el Cristo, sálvate a ti mismo y a nosotros. Respondiendo el otro, le reprendió, diciendo: ¿Ni aun temes tú a Dios, estando en la misma condenación? Nosotros, a la verdad, justamente padecemos, porque recibimos lo que merecieron nuestros hechos; mas éste ningún mal hizo. Y dijo a Jesús: Acuérdate de mí cuando vengas en tu reino. Entonces",3
33,"yo soy hombre puesto bajo autoridad, y tengo soldados bajo mis órdenes; y digo a éste: Ve, y va; y al otro: Ven, y viene; y a mi siervo: Haz esto, y lo hace. Al oír esto, Jesús se maravilló de él, y volviéndose, dijo a la gente que le seguía: Os digo que ni aun en Israel he hallado tanta fe. Y al regresar a casa los que habían sido enviados, hallaron sano al",3
34,"se fueron los mensajeros de Juan, comenzó a decir de Juan a la gente: ¿Qué salisteis a ver al desierto? ¿Una caña sacudida por el viento? Mas ¿qué salisteis a ver? ¿A un hombre cubierto de vestiduras delicadas? He aquí, los que tienen vestidura preciosa y viven en deleites, en los palacios de los reyes están. Mas ¿qué salisteis a ver? ¿A un profeta? Sí, os digo, y más que profeta. Este es de quien",3
35,"Y él se comprometió, y buscaba una oportunidad para entregárselo a espaldas del pueblo. Llegó el día de los panes sin levadura, en el cual era necesario sacrificar el cordero de la pascua. Y Jesús envió a Pedro y a Juan, diciendo: Id, preparadnos la pascua para que la comamos. Ellos le dijeron: ¿Dónde quieres que la preparemos? El les dijo: He aquí, al entrar en la ciudad os saldrá al encuentro un hombre que",3
36,"cosas. Comenzó luego a decir al pueblo esta parábola: Un hombre plantó una viña, la arrendó a labradores, y se ausentó por mucho tiempo. Y a su tiempo envió un siervo a los labradores, para que le diesen del fruto de la viña; pero los labradores le golpearon, y le enviaron con las manos vacías. Volvió a enviar otro siervo; mas ellos a éste también, golpeado y afrentado, le enviaron con las manos vacías. Volvió",3
37,"Caed sobre nosotros; y a los collados: Cubridnos. Porque si en el árbol verde hacen estas cosas, ¿en el seco, qué no se hará? Llevaban también con él a otros dos, que eran malhechores, para ser muertos. Y cuando llegaron al lugar llamado de la Calavera, le crucificaron allí, y a los malhechores, uno a la derecha y otro a la izquierda. Y Jesús decía: Padre, perdónalos, porque no saben lo que hacen. Y repartieron",3
38,"y prestad, no esperando de ello nada; y será vuestro galardón grande, y seréis hijos del Altísimo; porque él es benigno para con los ingratos y malos. Sed, pues, misericordiosos, como también vuestro Padre es misericordioso. No juzguéis, y no seréis juzgados; no condenéis, y no seréis condenados; perdonad, y seréis perdonados. Dad, y se os dará; medida buena, apretada, remecida y rebosando darán en vuestro regazo; porque con la misma medida con que medís,",3
39,"que no puse, y que siego lo que no sembré; ¿por qué, pues, no pusiste mi dinero en el banco, para que al volver yo, lo hubiera recibido con los intereses? Y dijo a los que estaban presentes: Quitadle la mina, y dadla al que tiene las diez minas. Ellos le dijeron: Señor, tiene diez minas. Pues yo os digo que a todo el que tiene, se le dará; mas al que no tiene, aun",3
40,"con ellos. Porque si amáis a los que os aman, ¿qué mérito tenéis? Porque también los pecadores aman a los que los aman. Y si hacéis bien a los que os hacen bien, ¿qué mérito tenéis? Porque también los pecadores hacen lo mismo. Y si prestáis a aquellos de quienes esperáis recibir, ¿qué mérito tenéis? Porque también los pecadores prestan a los pecadores, para recibir otro tanto. Amad, pues, a vuestros enemigos, y haced bien,",3
41,"al ser hijos de la resurrección. Pero en cuanto a que los muertos han de resucitar, aun Moisés lo enseñó en el pasaje de la zarza, cuando llama al Señor, Dios de Abraham, Dios de Isaac y Dios de Jacob. Porque Dios no es Dios de muertos, sino de vivos, pues para él todos viven. Respondiéndole algunos de los escribas, dijeron: Maestro, bien has dicho. Y no osaron preguntarle nada más. Entonces él les dijo:",3
42,"demonios, y para sanar enfermedades. Y los envió a predicar el reino de Dios, y a sanar a los enfermos. Y les dijo: No toméis nada para el camino, ni bordón, ni alforja, ni pan, ni dinero; ni llevéis dos túnicas. Y en cualquier casa donde entréis, quedad allí, y de allí salid. Y dondequiera que no os recibieren, salid de aquella ciudad, y sacudid el polvo de vuestros pies en testimonio contra ellos. Y",3
43,"se pararon junto a ellas dos varones con vestiduras resplandecientes; y como tuvieron temor, y bajaron el rostro a tierra, les dijeron: ¿Por qué buscáis entre los muertos al que vive? No está aquí, sino que ha resucitado. Acordaos de lo que os habló, cuando aún estaba en Galilea, diciendo: Es necesario que el Hijo del Hombre sea entregado en manos de hombres pecadores, y que sea crucificado, y resucite al tercer día. Entonces ellas",3
44,"dos pescados, levantando los ojos al cielo, los bendijo, y los partió, y dio a sus discípulos para que los pusiesen delante de la gente. Y comieron todos, y se saciaron; y recogieron lo que les sobró, doce cestas de pedazos. Aconteció que mientras Jesús oraba aparte, estaban con él los discípulos; y les preguntó, diciendo: ¿Quién dice la gente que soy yo? Ellos respondieron: Unos, Juan el Bautista; otros, Elías; y otros, que algún",3
45,"en las plazas, y las primeras sillas en las sinagogas, y los primeros asientos en las cenas; que devoran las casas de las viudas, y por pretexto hacen largas oraciones; éstos recibirán mayor condenación. Levantando los ojos, vio a los ricos que echaban sus ofrendas en el arca de las ofrendas. Vio también a una viuda muy pobre, que echaba allí dos blancas. Y dijo: En verdad os digo, que esta viuda pobre echó más",3
46,"Y les dijo: ¡Cuánto he deseado comer con vosotros esta pascua antes que padezca! Porque os digo que no la comeré más, hasta que se cumpla en el reino de Dios. Y habiendo tomado la copa, dio gracias, y dijo: Tomad esto, y repartidlo entre vosotros; porque os digo que no beberé más del fruto de la vid, hasta que el reino de Dios venga. Y tomó el pan y dio gracias, y lo partió",3
47,"que se enaltece, será humillado; y el que se humilla será enaltecido. Traían a él los niños para que los tocase; lo cual viendo los discípulos, les reprendieron. Mas Jesús, llamándolos, dijo: Dejad a los niños venir a mí, y no se lo impidáis; porque de los tales es el reino de Dios. De cierto os digo, que el que no recibe el reino de Dios como un niño, no entrará en él. Un hombre",3
48,"vuestra defensa; porque yo os daré palabra y sabiduría, la cual no podrán resistir ni contradecir todos los que se opongan. Mas seréis entregados aun por vuestros padres, y hermanos, y parientes, y amigos; y matarán a algunos de vosotros; y seréis aborrecidos de todos por causa de mi nombre. Pero ni un cabello de vuestra cabeza perecerá. Con vuestra paciencia ganaréis vuestras almas. Pero cuando viereis a Jerusalén rodeada de ejércitos, sabed entonces que",3
49,"mi prójimo? Respondiendo Jesús, dijo: Un hombre descendía de Jerusalén a Jericó, y cayó en manos de ladrones, los cuales le despojaron; e hiriéndole, se fueron, dejándole medio muerto. Aconteció que descendió un sacerdote por aquel camino, y viéndole, pasó de largo. Asimismo un levita, llegando cerca de aquel lugar, y viéndole, pasó de largo. Pero un samaritano, que iba de camino, vino cerca de él, y viéndole, fue movido a misericordia; y acercándose, vendó",3
50,"está escrito: He aquí, envío mi mensajero delante de tu faz, El cual preparará tu camino delante de ti. Os digo que entre los nacidos de mujeres, no hay mayor profeta que Juan el Bautista; pero el más pequeño en el reino de Dios es mayor que él. Y todo el pueblo y los publicanos, cuando lo oyeron, justificaron a Dios, bautizándose con el bautismo de Juan. Mas los fariseos y los intérpretes de la",3
51,"demonio a los desiertos.) Y le preguntó Jesús, diciendo: ¿Cómo te llamas? Y él dijo: Legión. Porque muchos demonios habían entrado en él. Y le rogaban que no los mandase ir al abismo. Había allí un hato de muchos cerdos que pacían en el monte; y le rogaron que los dejase entrar en ellos; y les dio permiso. Y los demonios, salidos del hombre, entraron en los cerdos; y el hato se precipitó por un",3
52,"trajeron a Jerusalén para presentarle al Señor (como está escrito en la ley del Señor: Todo varón que abriere la matriz será llamado santo al Señor), y para ofrecer conforme a lo que se dice en la ley del Señor: Un par de tórtolas, o dos palominos. Y he aquí había en Jerusalén un hombre llamado Simeón, y este hombre, justo y piadoso, esperaba la consolación de Israel; y el Espíritu Santo estaba sobre él.",3
53,"y le dijo: No llores. Y acercándose, tocó el féretro; y los que lo llevaban se detuvieron. Y dijo: Joven, a ti te digo, levántate. Entonces se incorporó el que había muerto, y comenzó a hablar. Y lo dio a su madre. Y todos tuvieron miedo, y glorificaban a Dios, diciendo: Un gran profeta se ha levantado entre nosotros; y: Dios ha visitado a su pueblo. Y se extendió la fama de él por toda",3
54,"despeñadero al lago, y se ahogó. Y los que apacentaban los cerdos, cuando vieron lo que había acontecido, huyeron, y yendo dieron aviso en la ciudad y por los campos. Y salieron a ver lo que había sucedido; y vinieron a Jesús, y hallaron al hombre de quien habían salido los demonios, sentado a los pies de Jesús, vestido, y en su cabal juicio; y tuvieron miedo. Y los que lo habían visto, les contaron",3
55,"es el ojo; cuando tu ojo es bueno, también todo tu cuerpo está lleno de luz; pero cuando tu ojo es maligno, también tu cuerpo está en tinieblas. Mira pues, no suceda que la luz que en ti hay, sea tinieblas. Así que, si todo tu cuerpo está lleno de luz, no teniendo parte alguna de tinieblas, será todo luminoso, como cuando una lámpara te alumbra con su resplandor. Luego que hubo hablado, le rogó",3
56,"fue al monte a orar, y pasó la noche orando a Dios. Y cuando era de día, llamó a sus discípulos, y escogió a doce de ellos, a los cuales también llamó apóstoles: a Simón, a quien también llamó Pedro, a Andrés su hermano, Jacobo y Juan, Felipe y Bartolomé, Mateo, Tomás, Jacobo hijo de Alfeo, Simón llamado Zelote, Judas hermano de Jacobo, y Judas Iscariote, que llegó a ser el traidor. Y descendió con",3
57,"de que le concedas esto; porque ama a nuestra nación, y nos edificó una sinagoga. Y Jesús fue con ellos. Pero cuando ya no estaban lejos de la casa, el centurión envió a él unos amigos, diciéndole: Señor, no te molestes, pues no soy digno de que entres bajo mi techo; por lo que ni aun me tuve por digno de venir a ti; pero di la palabra, y mi siervo será sano. Porque también",3
58,"Demonio tiene. Vino el Hijo del Hombre, que come y bebe, y decís: Este es un hombre comilón y bebedor de vino, amigo de publicanos y de pecadores. Mas la sabiduría es justificada por todos sus hijos. Uno de los fariseos rogó a Jesús que comiese con él. Y habiendo entrado en casa del fariseo, se sentó a la mesa. Entonces una mujer de la ciudad, que era pecadora, al saber que Jesús estaba a",3
59,"qué dormís? Levantaos, y orad para que no entréis en tentación. Mientras él aún hablaba, se presentó una turba; y el que se llamaba Judas, uno de los doce, iba al frente de ellos; y se acercó hasta Jesús para besarle. Entonces Jesús le dijo: Judas, ¿con un beso entregas al Hijo del Hombre? Viendo los que estaban con él lo que había de acontecer, le dijeron: Señor, ¿heriremos a espada? Y uno de ellos",3
60,"es asolado; y una casa dividida contra sí misma, cae. Y si también Satanás está dividido contra sí mismo, ¿cómo permanecerá su reino? ya que decís que por Beelzebú echo yo fuera los demonios. Pues si yo echo fuera los demonios por Beelzebú, ¿vuestros hijos por quién los echan? Por tanto, ellos serán vuestros jueces. Mas si por el dedo de Dios echo yo fuera los demonios, ciertamente el reino de Dios ha llegado a",3
61,"dijo: Esto haré: derribaré mis graneros, y los edificaré mayores, y allí guardaré todos mis frutos y mis bienes; y diré a mi alma: Alma, muchos bienes tienes guardados para muchos años; repósate, come, bebe, regocíjate. Pero Dios le dijo: Necio, esta noche vienen a pedirte tu alma; y lo que has provisto, ¿de quién será? Así es el que hace para sí tesoro, y no es rico para con Dios. Dijo luego a sus",3
62,"ellos, y se detuvo en un lugar llano, en compañía de sus discípulos y de una gran multitud de gente de toda Judea, de Jerusalén y de la costa de Tiro y de Sidón, que había venido para oírle, y para ser sanados de sus enfermedades; y los que habían sido atormentados de espíritus inmundos eran sanados. Y toda la gente procuraba tocarle, porque poder salía de él y sanaba a todos. Y alzando los",3
63,"pláticas son estas que tenéis entre vosotros mientras camináis, y por qué estáis tristes? Respondiendo uno de ellos, que se llamaba Cleofas, le dijo: ¿Eres tú el único forastero en Jerusalén que no has sabido las cosas que en ella han acontecido en estos días? Entonces él les dijo: ¿Qué cosas? Y ellos le dijeron: De Jesús nazareno, que fue varón profeta, poderoso en obra y en palabra delante de Dios y de todo el",3
64,"en paz. Estaba hablando aún, cuando vino uno de casa del principal de la sinagoga a decirle: Tu hija ha muerto; no molestes más al Maestro. Oyéndolo Jesús, le respondió: No temas; cree solamente, y será salva. Entrando en la casa, no dejó entrar a nadie consigo, sino a Pedro, a Jacobo, a Juan, y al padre y a la madre de la niña. Y lloraban todos y hacían lamentación por ella. Pero él dijo:",3
65,"esto he sido enviado. Y predicaba en las sinagogas de Galilea. Aconteció que estando Jesús junto al lago de Genesaret, el gentío se agolpaba sobre él para oír la palabra de Dios. Y vio dos barcas que estaban cerca de la orilla del lago; y los pescadores, habiendo descendido de ellas, lavaban sus redes. Y entrando en una de aquellas barcas, la cual era de Simón, le rogó que la apartase de tierra un poco;",3
66,"profetas, les declaraba en todas las Escrituras lo que de él decían. Llegaron a la aldea adonde iban, y él hizo como que iba más lejos. Mas ellos le obligaron a quedarse, diciendo: Quédate con nosotros, porque se hace tarde, y el día ya ha declinado. Entró, pues, a quedarse con ellos. Y aconteció que estando sentado con ellos a la mesa, tomó el pan y lo bendijo, lo partió, y les dio. Entonces les",3
67,"él. Entonces Jesús le dijo: Ve, y haz tú lo mismo. Aconteció que yendo de camino, entró en una aldea; y una mujer llamada Marta le recibió en su casa. Esta tenía una hermana que se llamaba María, la cual, sentándose a los pies de Jesús, oía su palabra. Pero Marta se preocupaba con muchos quehaceres, y acercándose, dijo: Señor, ¿no te da cuidado que mi hermana me deje servir sola? Dile, pues, que me",3
68,"delante de los que se sientan contigo a la mesa. Porque cualquiera que se enaltece, será humillado; y el que se humilla, será enaltecido. Dijo también al que le había convidado: Cuando hagas comida o cena, no llames a tus amigos, ni a tus hermanos, ni a tus parientes, ni a vecinos ricos; no sea que ellos a su vez te vuelvan a convidar, y seas recompensado. Mas cuando hagas banquete, llama a los pobres,",3
69,"hago curaciones hoy y mañana, y al tercer día termino mi obra. Sin embargo, es necesario que hoy y mañana y pasado mañana siga mi camino; porque no es posible que un profeta muera fuera de Jerusalén. ¡Jerusalén, Jerusalén, que matas a los profetas, y apedreas a los que te son enviados! ¡Cuántas veces quise juntar a tus hijos, como la gallina a sus polluelos debajo de sus alas, y no quisiste! He aquí, vuestra",3
70,"nuestros enemigos, Sin temor le serviríamos En santidad y en justicia delante de él, todos nuestros días. Y tú, niño, profeta del Altísimo serás llamado; Porque irás delante de la presencia del Señor, para preparar sus caminos; Para dar conocimiento de salvación a su pueblo, Para perdón de sus pecados, Por la entrañable misericordia de nuestro Dios, Con que nos visitó desde lo alto la aurora, Para dar luz a los que habitan en tinieblas",3
71,"les decía. Aconteció que acercándose Jesús a Jericó, un ciego estaba sentado junto al camino mendigando; y al oír a la multitud que pasaba, preguntó qué era aquello. Y le dijeron que pasaba Jesús nazareno. Entonces dio voces, diciendo: ¡Jesús, Hijo de David, ten misericordia de mí! Y los que iban delante le reprendían para que callase; pero él clamaba mucho más: ¡Hijo de David, ten misericordia de mí! Jesús entonces, deteniéndose, mandó traerle a",3
72,"de rodillas oró, diciendo: Padre, si quieres, pasa de mí esta copa; pero no se haga mi voluntad, sino la tuya. Y se le apareció un ángel del cielo para fortalecerle. Y estando en agonía, oraba más intensamente; y era su sudor como grandes gotas de sangre que caían hasta la tierra. Cuando se levantó de la oración, y vino a sus discípulos, los halló durmiendo a causa de la tristeza; y les dijo: ¿Por",3
73,"la fe. Entonces el Señor dijo: Si tuvierais fe como un grano de mostaza, podríais decir a este sicómoro: Desarráigate, y plántate en el mar; y os obedecería. ¿Quién de vosotros, teniendo un siervo que ara o apacienta ganado, al volver él del campo, luego le dice: Pasa, siéntate a la mesa? ¿No le dice más bien: Prepárame la cena, cíñete, y sírveme hasta que haya comido y bebido; y después de esto, come y",3
74,"hombre por quien es entregado! Entonces ellos comenzaron a discutir entre sí, quién de ellos sería el que había de hacer esto. Hubo también entre ellos una disputa sobre quién de ellos sería el mayor. Pero él les dijo: Los reyes de las naciones se enseñorean de ellas, y los que sobre ellas tienen autoridad son llamados bienhechores; mas no así vosotros, sino sea el mayor entre vosotros como el más joven, y el que",3
75,"poniéndole en medio, delante de Jesús. Al ver él la fe de ellos, le dijo: Hombre, tus pecados te son perdonados. Entonces los escribas y los fariseos comenzaron a cavilar, diciendo: ¿Quién es éste que habla blasfemias? ¿Quién puede perdonar pecados sino sólo Dios? Jesús entonces, conociendo los pensamientos de ellos, respondiendo les dijo: ¿Qué caviláis en vuestros corazones? ¿Qué es más fácil, decir: Tus pecados te son perdonados, o decir: Levántate y anda? Pues",3
76,"profeta de los antiguos ha resucitado. El les dijo: ¿Y vosotros, quién decís que soy? Entonces respondiendo Pedro, dijo: El Cristo de Dios. Pero él les mandó que a nadie dijesen esto, encargándoselo rigurosamente, y diciendo: Es necesario que el Hijo del Hombre padezca muchas cosas, y sea desechado por los ancianos, por los principales sacerdotes y por los escribas, y que sea muerto, y resucite al tercer día. Y decía a todos: Si alguno",3
77,"uno de ellos está olvidado delante de Dios. Pues aun los cabellos de vuestra cabeza están todos contados. No temáis, pues; más valéis vosotros que muchos pajarillos. Os digo que todo aquel que me confesare delante de los hombres, también el Hijo del Hombre le confesará delante de los ángeles de Dios; mas el que me negare delante de los hombres, será negado delante de los ángeles de Dios. A todo aquel que dijere alguna",3
78,"al muchacho, y se lo devolvió a su padre. Y todos se admiraban de la grandeza de Dios. Y maravillándose todos de todas las cosas que hacía, dijo a sus discípulos: Haced que os penetren bien en los oídos estas palabras; porque acontecerá que el Hijo del Hombre será entregado en manos de hombres. Mas ellos no entendían estas palabras, pues les estaban veladas para que no las entendiesen; y temían preguntarle sobre esas palabras.",3
79,"podrá ser salvo? El les dijo: Lo que es imposible para los hombres, es posible para Dios. Entonces Pedro dijo: He aquí, nosotros hemos dejado nuestras posesiones y te hemos seguido. Y él les dijo: De cierto os digo, que no hay nadie que haya dejado casa, o padres, o hermanos, o mujer, o hijos, por el reino de Dios, que no haya de recibir mucho más en este tiempo, y en el siglo venidero",3
80,"en las cuales has sido instruido. Hubo en los días de Herodes, rey de Judea, un sacerdote llamado Zacarías, de la clase de Abías; su mujer era de las hijas de Aarón, y se llamaba Elisabet. Ambos eran justos delante de Dios, y andaban irreprensibles en todos los mandamientos y ordenanzas del Señor. Pero no tenían hijo, porque Elisabet era estéril, y ambos eran ya de edad avanzada. Aconteció que ejerciendo Zacarías el sacerdocio delante",3
81,"gloria a Dios sino este extranjero? Y le dijo: Levántate, vete; tu fe te ha salvado. Preguntado por los fariseos, cuándo había de venir el reino de Dios, les respondió y dijo: El reino de Dios no vendrá con advertencia, ni dirán: Helo aquí, o helo allí; porque he aquí el reino de Dios está entre vosotros. Y dijo a sus discípulos: Tiempo vendrá cuando desearéis ver uno de los días del Hijo del Hombre,",3
82,"Maestro, reprende a tus discípulos. El, respondiendo, les dijo: Os digo que si éstos callaran, las piedras clamarían. Y cuando llegó cerca de la ciudad, al verla, lloró sobre ella, diciendo: ¡Oh, si también tú conocieses, a lo menos en este tu día, lo que es para tu paz! Mas ahora está encubierto de tus ojos. Porque vendrán días sobre ti, cuando tus enemigos te rodearán con vallado, y te sitiarán, y por todas partes",3
83,"que la llevase tras Jesús. Y le seguía gran multitud del pueblo, y de mujeres que lloraban y hacían lamentación por él. Pero Jesús, vuelto hacia ellas, les dijo: Hijas de Jerusalén, no lloréis por mí, sino llorad por vosotras mismas y por vuestros hijos. Porque he aquí vendrán días en que dirán: Bienaventuradas las estériles, y los vientres que no concibieron, y los pechos que no criaron. Entonces comenzarán a decir a los montes:",3
84,"de ellos, les dijo: ¿Por qué me tentáis? Mostradme la moneda. ¿De quién tiene la imagen y la inscripción? Y respondiendo dijeron: De César. Entonces les dijo: Pues dad a César lo que es de César, y a Dios lo que es de Dios. Y no pudieron sorprenderle en palabra alguna delante del pueblo, sino que maravillados de su respuesta, callaron. Llegando entonces algunos de los saduceos, los cuales niegan haber resurrección, le preguntaron, diciendo:",3
85,"ropa, ni moraba en casa, sino en los sepulcros. Este, al ver a Jesús, lanzó un gran grito, y postrándose a sus pies exclamó a gran voz: ¿Qué tienes conmigo, Jesús, Hijo del Dios Altísimo? Te ruego que no me atormentes. (Porque mandaba al espíritu inmundo que saliese del hombre, pues hacía mucho tiempo que se había apoderado de él; y le ataban con cadenas y grillos, pero rompiendo las cadenas, era impelido por el",3
86,"un fariseo que comiese con él; y entrando Jesús en la casa, se sentó a la mesa. El fariseo, cuando lo vio, se extrañó de que no se hubiese lavado antes de comer. Pero el Señor le dijo: Ahora bien, vosotros los fariseos limpiáis lo de fuera del vaso y del plato, pero por dentro estáis llenos de rapacidad y de maldad. Necios, ¿el que hizo lo de fuera, no hizo también lo de adentro?",3
87,"poder del Altísimo te cubrirá con su sombra; por lo cual también el Santo Ser que nacerá, será llamado Hijo de Dios. Y he aquí tu parienta Elisabet, ella también ha concebido hijo en su vejez; y este es el sexto mes para ella, la que llamaban estéril; porque nada hay imposible para Dios. Entonces María dijo: He aquí la sierva del Señor; hágase conmigo conforme a tu palabra. Y el ángel se fue de",3
88,"con un varón que se llamaba José, de la casa de David; y el nombre de la virgen era María. Y entrando el ángel en donde ella estaba, dijo: ¡Salve, muy favorecida! El Señor es contigo; bendita tú entre las mujeres. Mas ella, cuando le vio, se turbó por sus palabras, y pensaba qué salutación sería esta. Entonces el ángel le dijo: María, no temas, porque has hallado gracia delante de Dios. Y ahora, concebirás",3
89,"Entonces entraron en discusión sobre quién de ellos sería el mayor. Y Jesús, percibiendo los pensamientos de sus corazones, tomó a un niño y lo puso junto a sí, y les dijo: Cualquiera que reciba a este niño en mi nombre, a mí me recibe; y cualquiera que me recibe a mí, recibe al que me envió; porque el que es más pequeño entre todos vosotros, ése es el más grande. Entonces respondiendo Juan, dijo:",3
90,"Simón: ¿Ves esta mujer? Entré en tu casa, y no me diste agua para mis pies; mas ésta ha regado mis pies con lágrimas, y los ha enjugado con sus cabellos. No me diste beso; mas ésta, desde que entré, no ha cesado de besar mis pies. No ungiste mi cabeza con aceite; mas ésta ha ungido con perfume mis pies. Por lo cual te digo que sus muchos pecados le son perdonados, porque amó",3
91,"fue a casa maravillándose de lo que había sucedido. Y he aquí, dos de ellos iban el mismo día a una aldea llamada Emaús, que estaba a sesenta estadios de Jerusalén. E iban hablando entre sí de todas aquellas cosas que habían acontecido. Sucedió que mientras hablaban y discutían entre sí, Jesús mismo se acercó, y caminaba con ellos. Mas los ojos de ellos estaban velados, para que no le conociesen. Y les dijo: ¿Qué",3
92,"mucho; mas aquel a quien se le perdona poco, poco ama. Y a ella le dijo: Tus pecados te son perdonados. Y los que estaban juntamente sentados a la mesa, comenzaron a decir entre sí: ¿Quién es éste, que también perdona pecados? Pero él dijo a la mujer: Tu fe te ha salvado, vé en paz. Aconteció después, que Jesús iba por todas las ciudades y aldeas, predicando y anunciando el evangelio del reino de",3
93,"esto a mí, que la madre de mi Señor venga a mí? Porque tan pronto como llegó la voz de tu salutación a mis oídos, la criatura saltó de alegría en mi vientre. Y bienaventurada la que creyó, porque se cumplirá lo que le fue dicho de parte del Señor. Entonces María dijo: Engrandece mi alma al Señor; Y mi espíritu se regocija en Dios mi Salvador. Porque ha mirado la bajeza de su sierva;",3
94,"el reino de Dios. Entonces también dijo otro: Te seguiré, Señor; pero déjame que me despida primero de los que están en mi casa. Y Jesús le dijo: Ninguno que poniendo su mano en el arado mira hacia atrás, es apto para el reino de Dios. Después de estas cosas, designó el Señor también a otros setenta, a quienes envió de dos en dos delante de él a toda ciudad y lugar adonde él había",3
95,"y sentándose, enseñaba desde la barca a la multitud. Cuando terminó de hablar, dijo a Simón: Boga mar adentro, y echad vuestras redes para pescar. Respondiendo Simón, le dijo: Maestro, toda la noche hemos estado trabajando, y nada hemos pescado; mas en tu palabra echaré la red. Y habiéndolo hecho, encerraron gran cantidad de peces, y su red se rompía. Entonces hicieron señas a los compañeros que estaban en la otra barca, para que viniesen",3
96,"había perdido. Oyendo ellos estas cosas, prosiguió Jesús y dijo una parábola, por cuanto estaba cerca de Jerusalén, y ellos pensaban que el reino de Dios se manifestaría inmediatamente. Dijo, pues: Un hombre noble se fue a un país lejano, para recibir un reino y volver. Y llamando a diez siervos suyos, les dio diez minas, y les dijo: Negociad entre tanto que vengo. Pero sus conciudadanos le aborrecían, y enviaron tras él una embajada,",3
97,"a ayudarles; y vinieron, y llenaron ambas barcas, de tal manera que se hundían. Viendo esto Simón Pedro, cayó de rodillas ante Jesús, diciendo: Apártate de mí, Señor, porque soy hombre pecador. Porque por la pesca que habían hecho, el temor se había apoderado de él, y de todos los que estaban con él, y asimismo de Jacobo y Juan, hijos de Zebedeo, que eran compañeros de Simón. Pero Jesús dijo a Simón: No temas;",3
98,"ha visitado y redimido a su pueblo, Y nos levantó un poderoso Salvador En la casa de David su siervo, Como habló por boca de sus santos profetas que fueron desde el principio; Salvación de nuestros enemigos, y de la mano de todos los que nos aborrecieron; Para hacer misericordia con nuestros padres, Y acordarse de su santo pacto; Del juramento que hizo a Abraham nuestro padre, Que nos había de conceder Que, librados de",3
99,"y hablaba del niño a todos los que esperaban la redención en Jerusalén. Después de haber cumplido con todo lo prescrito en la ley del Señor, volvieron a Galilea, a su ciudad de Nazaret. Y el niño crecía y se fortalecía, y se llenaba de sabiduría; y la gracia de Dios era sobre él. Iban sus padres todos los años a Jerusalén en la fiesta de la pascua; y cuando tuvo doce años, subieron a",3
100,"y murió también el rico, y fue sepultado. Y en el Hades alzó sus ojos, estando en tormentos, y vio de lejos a Abraham, y a Lázaro en su seno. Entonces él, dando voces, dijo: Padre Abraham, ten misericordia de mí, y envía a Lázaro para que moje la punta de su dedo en agua, y refresque mi lengua; porque estoy atormentado en esta llama. Pero Abraham le dijo: Hijo, acuérdate que recibiste tus bienes",3
101,"habían visto visión de ángeles, quienes dijeron que él vive. Y fueron algunos de los nuestros al sepulcro, y hallaron así como las mujeres habían dicho, pero a él no le vieron. Entonces él les dijo: ¡Oh insensatos, y tardos de corazón para creer todo lo que los profetas han dicho! ¿No era necesario que el Cristo padeciera estas cosas, y que entrara en su gloria? Y comenzando desde Moisés, y siguiendo por todos los",3
102,"es lícito hacer en los días de reposo? Respondiendo Jesús, les dijo: ¿Ni aun esto habéis leído, lo que hizo David cuando tuvo hambre él, y los que con él estaban; cómo entró en la casa de Dios, y tomó los panes de la proposición, de los cuales no es lícito comer sino sólo a los sacerdotes, y comió, y dio también a los que estaban con él? Y les decía: El Hijo del Hombre",3
103,"cielos; porque así hacían sus padres con los profetas. Mas ¡ay de vosotros, ricos! porque ya tenéis vuestro consuelo. ¡Ay de vosotros, los que ahora estáis saciados! porque tendréis hambre. ¡Ay de vosotros, los que ahora reís! porque lamentaréis y lloraréis. ¡Ay de vosotros, cuando todos los hombres hablen bien de vosotros! porque así hacían sus padres con los falsos profetas. Pero a vosotros los que oís, os digo: Amad a vuestros enemigos, haced bien",3
104,"donde salí. Y cuando llega, la halla barrida y adornada. Entonces va, y toma otros siete espíritus peores que él; y entrados, moran allí; y el postrer estado de aquel hombre viene a ser peor que el primero. Mientras él decía estas cosas, una mujer de entre la multitud levantó la voz y le dijo: Bienaventurado el vientre que te trajo, y los senos que mamaste. Y él dijo: Antes bienaventurados los que oyen la",3
105,"y les dio, diciendo: Esto es mi cuerpo, que por vosotros es dado; haced esto en memoria de mí. De igual manera, después que hubo cenado, tomó la copa, diciendo: Esta copa es el nuevo pacto en mi sangre, que por vosotros se derrama. Mas he aquí, la mano del que me entrega está conmigo en la mesa. A la verdad el Hijo del Hombre va, según lo que está determinado; pero ¡ay de aquel",3
106,"hijo de Cosam, hijo de Elmodam, hijo de Er, hijo de Josué, hijo de Eliezer, hijo de Jorim, hijo de Matat, hijo de Leví, hijo de Simeón, hijo de Judá, hijo de José, hijo de Jonán, hijo de Eliaquim, hijo de Melea, hijo de Mainán, hijo de Matata, hijo de Natán, hijo de David, hijo de Isaí, hijo de Obed, hijo de Booz, hijo de Salmón, hijo de Naasón, hijo de Aminadab, hijo de Aram,",3
107,"su boca y suelta su lengua, y habló bendiciendo a Dios. Y se llenaron de temor todos sus vecinos; y en todas las montañas de Judea se divulgaron todas estas cosas. Y todos los que las oían las guardaban en su corazón, diciendo: ¿Quién, pues, será este niño? Y la mano del Señor estaba con él. Y Zacarías su padre fue lleno del Espíritu Santo, y profetizó, diciendo: Bendito el Señor Dios de Israel, Que",3
108,"la sangre de Abel hasta la sangre de Zacarías, que murió entre el altar y el templo; sí, os digo que será demandada de esta generación. ¡Ay de vosotros, intérpretes de la ley! porque habéis quitado la llave de la ciencia; vosotros mismos no entrasteis, y a los que entraban se lo impedisteis. Diciéndoles él estas cosas, los escribas y los fariseos comenzaron a estrecharle en gran manera, y a provocarle a que hablase de",3
109,"Maestro, ten misericordia de nosotros! Cuando él los vio, les dijo: Id, mostraos a los sacerdotes. Y aconteció que mientras iban, fueron limpiados. Entonces uno de ellos, viendo que había sido sanado, volvió, glorificando a Dios a gran voz, y se postró rostro en tierra a sus pies, dándole gracias; y éste era samaritano. Respondiendo Jesús, dijo: ¿No son diez los que fueron limpiados? Y los nueve, ¿dónde están? ¿No hubo quien volviese y diese",3
110,"tienen por sublime, delante de Dios es abominación. La ley y los profetas eran hasta Juan; desde entonces el reino de Dios es anunciado, y todos se esfuerzan por entrar en él. Pero más fácil es que pasen el cielo y la tierra, que se frustre una tilde de la ley. Todo el que repudia a su mujer, y se casa con otra, adultera; y el que se casa con la repudiada del marido, adultera.",3
111,"no en día de reposo. Entonces el Señor le respondió y dijo: Hipócrita, cada uno de vosotros ¿no desata en el día de reposo su buey o su asno del pesebre y lo lleva a beber? Y a esta hija de Abraham, que Satanás había atado dieciocho años, ¿no se le debía desatar de esta ligadura en el día de reposo? Al decir él estas cosas, se avergonzaban todos sus adversarios; pero todo el pueblo",3
112,"muchas cosas; acechándole, y procurando cazar alguna palabra de su boca para acusarle. En esto, juntándose por millares la multitud, tanto que unos a otros se atropellaban, comenzó a decir a sus discípulos, primeramente: Guardaos de la levadura de los fariseos, que es la hipocresía. Porque nada hay encubierto, que no haya de descubrirse; ni oculto, que no haya de saberse. Por tanto, todo lo que habéis dicho en tinieblas, a la luz se oirá;",3
113,"bodas, no te sientes en el primer lugar, no sea que otro más distinguido que tú esté convidado por él, y viniendo el que te convidó a ti y a él, te diga: Da lugar a éste; y entonces comiences con vergüenza a ocupar el último lugar. Mas cuando fueres convidado, ve y siéntate en el último lugar, para que cuando venga el que te convidó, te diga: Amigo, sube más arriba; entonces tendrás gloria",3
114,"casa os es dejada desierta; y os digo que no me veréis, hasta que llegue el tiempo en que digáis: Bendito el que viene en nombre del Señor. Aconteció un día de reposo, que habiendo entrado para comer en casa de un gobernante, que era fariseo, éstos le acechaban. Y he aquí estaban delante de él un hombre hidrópico. Entonces Jesús habló a los intérpretes de la ley y a los fariseos, diciendo: ¿Es lícito",3
115,"y el que me desecha a mí, desecha al que me envió. Volvieron los setenta con gozo, diciendo: Señor, aun los demonios se nos sujetan en tu nombre. Y les dijo: Yo veía a Satanás caer del cielo como un rayo. He aquí os doy potestad de hollar serpientes y escorpiones, y sobre toda fuerza del enemigo, y nada os dañará. Pero no os regocijéis de que los espíritus se os sujetan, sino regocijaos de",3
116,"vieron el sepulcro, y cómo fue puesto su cuerpo. Y vueltas, prepararon especias aromáticas y ungüentos; y descansaron el día de reposo, conforme al mandamiento. El primer día de la semana, muy de mañana, vinieron al sepulcro, trayendo las especias aromáticas que habían preparado, y algunas otras mujeres con ellas. Y hallaron removida la piedra del sepulcro; y entrando, no hallaron el cuerpo del Señor Jesús. Aconteció que estando ellas perplejas por esto, he aquí",3
117,"de desatar la correa de su calzado; él os bautizará en Espíritu Santo y fuego. Su aventador está en su mano, y limpiará su era, y recogerá el trigo en su granero, y quemará la paja en fuego que nunca se apagará. Con estas y otras muchas exhortaciones anunciaba las buenas nuevas al pueblo. Entonces Herodes el tetrarca, siendo reprendido por Juan a causa de Herodías, mujer de Felipe su hermano, y de todas las",3
118,"Maestro, hemos visto a uno que echaba fuera demonios en tu nombre; y se lo prohibimos, porque no sigue con nosotros. Jesús le dijo: No se lo prohibáis; porque el que no es contra nosotros, por nosotros es. Cuando se cumplió el tiempo en que él había de ser recibido arriba, afirmó su rostro para ir a Jerusalén. Y envió mensajeros delante de él, los cuales fueron y entraron en una aldea de los samaritanos",3
119,"los caminos ásperos allanados; Y verá toda carne la salvación de Dios. Y decía a las multitudes que salían para ser bautizadas por él: ¡Oh generación de víboras! ¿Quién os enseñó a huir de la ira venidera? Haced, pues, frutos dignos de arrepentimiento, y no comencéis a decir dentro de vosotros mismos: Tenemos a Abraham por padre; porque os digo que Dios puede levantar hijos a Abraham aun de estas piedras. Y ya también el",3
120,"templo. Estaba cerca la fiesta de los panes sin levadura, que se llama la pascua. Y los principales sacerdotes y los escribas buscaban cómo matarle; porque temían al pueblo. Y entró Satanás en Judas, por sobrenombre Iscariote, el cual era uno del número de los doce; y éste fue y habló con los principales sacerdotes, y con los jefes de la guardia, de cómo se lo entregaría. Ellos se alegraron, y convinieron en darle dinero.",3
121,"viña? Vendrá y destruirá a estos labradores, y dará su viña a otros. Cuando ellos oyeron esto, dijeron: ¡Dios nos libre! Pero él, mirándolos, dijo: ¿Qué, pues, es lo que está escrito: La piedra que desecharon los edificadores Ha venido a ser cabeza del ángulo? Todo el que cayere sobre aquella piedra, será quebrantado; mas sobre quien ella cayere, le desmenuzará. Procuraban los principales sacerdotes y los escribas echarle mano en aquella hora, porque comprendieron",3
122,"semejante. Semejante es al hombre que al edificar una casa, cavó y ahondó y puso el fundamento sobre la roca; y cuando vino una inundación, el río dio con ímpetu contra aquella casa, pero no la pudo mover, porque estaba fundada sobre la roca. Mas el que oyó y no hizo, semejante es al hombre que edificó su casa sobre tierra, sin fundamento; contra la cual el río dio con ímpetu, y luego cayó, y",3
123,"en tu vida, y Lázaro también males; pero ahora éste es consolado aquí, y tú atormentado. Además de todo esto, una gran sima está puesta entre nosotros y vosotros, de manera que los que quisieren pasar de aquí a vosotros, no pueden, ni de allá pasar acá. Entonces le dijo: Te ruego, pues, padre, que le envíes a la casa de mi padre, porque tengo cinco hermanos, para que les testifique, a fin de que",3
124,"paz, vuestra paz reposará sobre él; y si no, se volverá a vosotros. Y posad en aquella misma casa, comiendo y bebiendo lo que os den; porque el obrero es digno de su salario. No os paséis de casa en casa. En cualquier ciudad donde entréis, y os reciban, comed lo que os pongan delante; y sanad a los enfermos que en ella haya, y decidles: Se ha acercado a vosotros el reino de Dios.",3
125,"decís: Agua viene; y así sucede. Y cuando sopla el viento del sur, decís: Hará calor; y lo hace. ¡Hipócritas! Sabéis distinguir el aspecto del cielo y de la tierra; ¿y cómo no distinguís este tiempo? ¿Y por qué no juzgáis por vosotros mismos lo que es justo? Cuando vayas al magistrado con tu adversario, procura en el camino arreglarte con él, no sea que te arrastre al juez, y el juez te entregue al",3
126,"en un pesebre, porque no había lugar para ellos en el mesón. Había pastores en la misma región, que velaban y guardaban las vigilias de la noche sobre su rebaño. Y he aquí, se les presentó un ángel del Señor, y la gloria del Señor los rodeó de resplandor; y tuvieron gran temor. Pero el ángel les dijo: No temáis; porque he aquí os doy nuevas de gran gozo, que será para todo el pueblo:",3
127,"será tomada, y la otra dejada. Dos estarán en el campo; el uno será tomado, y el otro dejado. Y respondiendo, le dijeron: ¿Dónde, Señor? El les dijo: Donde estuviere el cuerpo, allí se juntarán también las águilas. También les refirió Jesús una parábola sobre la necesidad de orar siempre, y no desmayar, diciendo: Había en una ciudad un juez, que ni temía a Dios, ni respetaba a hombre. Había también en aquella ciudad una",3
128,"contaron todo lo que habían hecho. Y tomándolos, se retiró aparte, a un lugar desierto de la ciudad llamada Betsaida. Y cuando la gente lo supo, le siguió; y él les recibió, y les hablaba del reino de Dios, y sanaba a los que necesitaban ser curados. Pero el día comenzaba a declinar; y acercándose los doce, le dijeron: Despide a la gente, para que vayan a las aldeas y campos de alrededor, y se",3
129,"lo que tiene se le quitará. Y también a aquellos mis enemigos que no querían que yo reinase sobre ellos, traedlos acá, y decapitadlos delante de mí. Dicho esto, iba delante subiendo a Jerusalén. Y aconteció que llegando cerca de Betfagé y de Betania, al monte que se llama de los Olivos, envió dos de sus discípulos, diciendo: Id a la aldea de enfrente, y al entrar en ella hallaréis un pollino atado, en el",3
130,"para hacerle preparativos. Mas no le recibieron, porque su aspecto era como de ir a Jerusalén. Viendo esto sus discípulos Jacobo y Juan, dijeron: Señor, ¿quieres que mandemos que descienda fuego del cielo, como hizo Elías, y los consuma? Entonces volviéndose él, los reprendió, diciendo: Vosotros no sabéis de qué espíritu sois; porque el Hijo del Hombre no ha venido para perder las almas de los hombres, sino para salvarlas. Y se fueron a otra",3
131,"palabra de Dios, y la guardan. Y apiñándose las multitudes, comenzó a decir: Esta generación es mala; demanda señal, pero señal no le será dada, sino la señal de Jonás. Porque así como Jonás fue señal a los ninivitas, también lo será el Hijo del Hombre a esta generación. La reina del Sur se levantará en el juicio con los hombres de esta generación, y los condenará; porque ella vino de los fines de la",3
132,"sea tu nombre. Venga tu reino. Hágase tu voluntad, como en el cielo, así también en la tierra. El pan nuestro de cada día, dánoslo hoy. Y perdónanos nuestros pecados, porque también nosotros perdonamos a todos los que nos deben. Y no nos metas en tentación, mas líbranos del mal. Les dijo también: ¿Quién de vosotros que tenga un amigo, va a él a medianoche y le dice: Amigo, préstame tres panes, porque un amigo",3
133,"Mas vendrán días cuando el esposo les será quitado; entonces, en aquellos días ayunarán. Les dijo también una parábola: Nadie corta un pedazo de un vestido nuevo y lo pone en un vestido viejo; pues si lo hace, no solamente rompe el nuevo, sino que el remiendo sacado de él no armoniza con el viejo. Y nadie echa vino nuevo en odres viejos; de otra manera, el vino nuevo romperá los odres y se derramará,",3
134,"ellas fue enviado Elías, sino a una mujer viuda en Sarepta de Sidón. Y muchos leprosos había en Israel en tiempo del profeta Eliseo; pero ninguno de ellos fue limpiado, sino Naamán el sirio. Al oír estas cosas, todos en la sinagoga se llenaron de ira; y levantándose, le echaron fuera de la ciudad, y le llevaron hasta la cumbre del monte sobre el cual estaba edificada la ciudad de ellos, para despeñarle. Mas él",3
135,"es el Padre, sino el Hijo, y aquel a quien el Hijo lo quiera revelar. Y volviéndose a los discípulos, les dijo aparte: Bienaventurados los ojos que ven lo que vosotros veis; porque os digo que muchos profetas y reyes desearon ver lo que vosotros veis, y no lo vieron; y oír lo que oís, y no lo oyeron. Y he aquí un intérprete de la ley se levantó y dijo, para probarle: Maestro, ¿haciendo",3
136,"fuera. El que tiene oídos para oír, oiga. Se acercaban a Jesús todos los publicanos y pecadores para oírle, y los fariseos y los escribas murmuraban, diciendo: Este a los pecadores recibe, y con ellos come. Entonces él les refirió esta parábola, diciendo: ¿Qué hombre de vosotros, teniendo cien ovejas, si pierde una de ellas, no deja las noventa y nueve en el desierto, y va tras la que se perdió, hasta encontrarla? Y cuando",3
137,"Dios, y los doce con él, y algunas mujeres que habían sido sanadas de espíritus malos y de enfermedades: María, que se llamaba Magdalena, de la que habían salido siete demonios, Juana, mujer de Chuza intendente de Herodes, y Susana, y otras muchas que le servían de sus bienes. Juntándose una gran multitud, y los que de cada ciudad venían a él, les dijo por parábola: El sembrador salió a sembrar su semilla; y mientras",3
138,"vengo a buscar fruto en esta higuera, y no lo hallo; córtala; ¿para qué inutiliza también la tierra? El entonces, respondiendo, le dijo: Señor, déjala todavía este año, hasta que yo cave alrededor de ella, y la abone. Y si diere fruto, bien; y si no, la cortarás después. Enseñaba Jesús en una sinagoga en el día de reposo; y había allí una mujer que desde hacía dieciocho años tenía espíritu de enfermedad, y andaba",3
139,"barriles de aceite. Y le dijo: Toma tu cuenta, siéntate pronto, y escribe cincuenta. Después dijo a otro: Y tú, ¿cuánto debes? Y él dijo: Cien medidas de trigo. El le dijo: Toma tu cuenta, y escribe ochenta. Y alabó el amo al mayordomo malo por haber hecho sagazmente; porque los hijos de este siglo son más sagaces en el trato con sus semejantes que los hijos de luz. Y yo os digo: Ganad amigos",3
140,"dijo: Me habéis presentado a éste como un hombre que perturba al pueblo; pero habiéndole interrogado yo delante de vosotros, no he hallado en este hombre delito alguno de aquellos de que le acusáis. Y ni aun Herodes, porque os remití a él; y he aquí, nada digno de muerte ha hecho este hombre. Le soltaré, pues, después de castigarle. Y tenía necesidad de soltarles uno en cada fiesta. Mas toda la multitud dio voces",3
141,"que padecía de flujo de sangre desde hacía doce años, y que había gastado en médicos todo cuanto tenía, y por ninguno había podido ser curada, se le acercó por detrás y tocó el borde de su manto; y al instante se detuvo el flujo de su sangre. Entonces Jesús dijo: ¿Quién es el que me ha tocado? Y negando todos, dijo Pedro y los que con él estaban: Maestro, la multitud te aprieta y",3
142,"y en Sidón se hubieran hecho los milagros que se han hecho en vosotras, tiempo ha que sentadas en cilicio y ceniza, se habrían arrepentido. Por tanto, en el juicio será más tolerable el castigo para Tiro y Sidón, que para vosotras. Y tú, Capernaum, que hasta los cielos eres levantada, hasta el Hades serás abatida. El que a vosotros oye, a mí me oye; y el que a vosotros desecha, a mí me desecha;",3
143,"viuda, la cual venía a él, diciendo: Hazme justicia de mi adversario. Y él no quiso por algún tiempo; pero después de esto dijo dentro de sí: Aunque ni temo a Dios, ni tengo respeto a hombre, sin embargo, porque esta viuda me es molesta, le haré justicia, no sea que viniendo de continuo, me agote la paciencia. Y dijo el Señor: Oíd lo que dijo el juez injusto. ¿Y acaso Dios no hará justicia",3
144,"quiere venir en pos de mí, niéguese a sí mismo, tome su cruz cada día, y sígame. Porque todo el que quiera salvar su vida, la perderá; y todo el que pierda su vida por causa de mí, éste la salvará. Pues ¿qué aprovecha al hombre, si gana todo el mundo, y se destruye o se pierde a sí mismo? Porque el que se avergonzare de mí y de mis palabras, de éste se avergonzará",3
145,"de aquel por quien vienen! Mejor le fuera que se le atase al cuello una piedra de molino y se le arrojase al mar, que hacer tropezar a uno de estos pequeñitos. Mirad por vosotros mismos. Si tu hermano pecare contra ti, repréndele; y si se arrepintiere, perdónale. Y si siete veces al día pecare contra ti, y siete veces al día volviere a ti, diciendo: Me arrepiento; perdónale. Dijeron los apóstoles al Señor: Auméntanos",3
146,"ninguno de aquellos hombres que fueron convidados, gustará mi cena. Grandes multitudes iban con él; y volviéndose, les dijo: Si alguno viene a mí, y no aborrece a su padre, y madre, y mujer, e hijos, y hermanos, y hermanas, y aun también su propia vida, no puede ser mi discípulo. Y el que no lleva su cruz y viene en pos de mí, no puede ser mi discípulo. Porque ¿quién de vosotros, queriendo edificar",3
147,"que vuestros nombres están escritos en los cielos. En aquella misma hora Jesús se regocijó en el Espíritu, y dijo: Yo te alabo, oh Padre, Señor del cielo y de la tierra, porque escondiste estas cosas de los sabios y entendidos, y las has revelado a los niños. Sí, Padre, porque así te agradó. Todas las cosas me fueron entregadas por mi Padre; y nadie conoce quién es el Hijo sino el Padre; ni quién",3
148,"el gallo no cantará hoy antes que tú niegues tres veces que me conoces. Y a ellos dijo: Cuando os envié sin bolsa, sin alforja, y sin calzado, ¿os faltó algo? Ellos dijeron: Nada. Y les dijo: Pues ahora, el que tiene bolsa, tómela, y también la alforja; y el que no tiene espada, venda su capa y compre una. Porque os digo que es necesario que se cumpla todavía en mí aquello que está",3
149,"los mancos, los cojos y los ciegos; y serás bienaventurado; porque ellos no te pueden recompensar, pero te será recompensado en la resurrección de los justos. Oyendo esto uno de los que estaban sentados con él a la mesa, le dijo: Bienaventurado el que coma pan en el reino de Dios. Entonces Jesús le dijo: Un hombre hizo una gran cena, y convidó a muchos. Y a la hora de la cena envió a su",3
150,"ni aun lo que es menos, ¿por qué os afanáis por lo demás? Considerad los lirios, cómo crecen; no trabajan, ni hilan; mas os digo, que ni aun Salomón con toda su gloria se vistió como uno de ellos. Y si así viste Dios la hierba que hoy está en el campo, y mañana es echada al horno, ¿cuánto más a vosotros, hombres de poca fe? Vosotros, pues, no os preocupéis por lo que habéis",3
151,"bebe tú? ¿Acaso da gracias al siervo porque hizo lo que se le había mandado? Pienso que no. Así también vosotros, cuando hayáis hecho todo lo que os ha sido ordenado, decid: Siervos inútiles somos, pues lo que debíamos hacer, hicimos. Yendo Jesús a Jerusalén, pasaba entre Samaria y Galilea. Y al entrar en una aldea, le salieron al encuentro diez hombres leprosos, los cuales se pararon de lejos y alzaron la voz, diciendo: ¡Jesús,",3
152,"se casaban y se daban en casamiento, hasta el día en que entró Noé en el arca, y vino el diluvio y los destruyó a todos. Asimismo como sucedió en los días de Lot; comían, bebían, compraban, vendían, plantaban, edificaban; mas el día en que Lot salió de Sodoma, llovió del cielo fuego y azufre, y los destruyó a todos. Así será el día en que el Hijo del Hombre se manifieste. En aquel día,",3
153,"a enviar un tercer siervo; mas ellos también a éste echaron fuera, herido. Entonces el señor de la viña dijo: ¿Qué haré? Enviaré a mi hijo amado; quizás cuando le vean a él, le tendrán respeto. Mas los labradores, al verle, discutían entre sí, diciendo: Este es el heredero; venid, matémosle, para que la heredad sea nuestra. Y le echaron fuera de la viña, y le mataron. ¿Qué, pues, les hará el señor de la",3
154,"se le dio el libro del profeta Isaías; y habiendo abierto el libro, halló el lugar donde estaba escrito: El Espíritu del Señor está sobre mí, Por cuanto me ha ungido para dar buenas nuevas a los pobres; Me ha enviado a sanar a los quebrantados de corazón; A pregonar libertad a los cautivos, Y vista a los ciegos; A poner en libertad a los oprimidos; A predicar el año agradable del Señor. Y enrollando",3
155,"te estrecharán, y te derribarán a tierra, y a tus hijos dentro de ti, y no dejarán en ti piedra sobre piedra, por cuanto no conociste el tiempo de tu visitación. Y entrando en el templo, comenzó a echar fuera a todos los que vendían y compraban en él, diciéndoles: Escrito está: Mi casa es casa de oración; mas vosotros la habéis hecho cueva de ladrones. Y enseñaba cada día en el templo; pero los",3
156,"sepulcros que no se ven, y los hombres que andan encima no lo saben. Respondiendo uno de los intérpretes de la ley, le dijo: Maestro, cuando dices esto, también nos afrentas a nosotros. Y él dijo: ¡Ay de vosotros también, intérpretes de la ley! porque cargáis a los hombres con cargas que no pueden llevar, pero vosotros ni aun con un dedo las tocáis. ¡Ay de vosotros, que edificáis los sepulcros de los profetas a",3
157,"hablaba por señas, y permaneció mudo. Y cumplidos los días de su ministerio, se fue a su casa. Después de aquellos días concibió su mujer Elisabet, y se recluyó en casa por cinco meses, diciendo: Así ha hecho conmigo el Señor en los días en que se dignó quitar mi afrenta entre los hombres. Al sexto mes el ángel Gabriel fue enviado por Dios a una ciudad de Galilea, llamada Nazaret, a una virgen desposada",3
158,"siervo a decir a los convidados: Venid, que ya todo está preparado. Y todos a una comenzaron a excusarse. El primero dijo: He comprado una hacienda, y necesito ir a verla; te ruego que me excuses. Otro dijo: He comprado cinco yuntas de bueyes, y voy a probarlos; te ruego que me excuses. Y otro dijo: Acabo de casarme, y por tanto no puedo ir. Vuelto el siervo, hizo saber estas cosas a su señor.",3
159,"se acordaron de sus palabras, y volviendo del sepulcro, dieron nuevas de todas estas cosas a los once, y a todos los demás. Eran María Magdalena, y Juana, y María madre de Jacobo, y las demás con ellas, quienes dijeron estas cosas a los apóstoles. Mas a ellos les parecían locura las palabras de ellas, y no las creían. Pero levantándose Pedro, corrió al sepulcro; y cuando miró dentro, vio los lienzos solos, y se",3
160,"la casa, y busca con diligencia hasta encontrarla? Y cuando la encuentra, reúne a sus amigas y vecinas, diciendo: Gozaos conmigo, porque he encontrado la dracma que había perdido. Así os digo que hay gozo delante de los ángeles de Dios por un pecador que se arrepiente. También dijo: Un hombre tenía dos hijos; y el menor de ellos dijo a su padre: Padre, dame la parte de los bienes que me corresponde; y les",3
161,"en este hombre. Pero ellos porfiaban, diciendo: Alborota al pueblo, enseñando por toda Judea, comenzando desde Galilea hasta aquí. Entonces Pilato, oyendo decir, Galilea, preguntó si el hombre era galileo. Y al saber que era de la jurisdicción de Herodes, le remitió a Herodes, que en aquellos días también estaba en Jerusalén. Herodes, viendo a Jesús, se alegró mucho, porque hacía tiempo que deseaba verle; porque había oído muchas cosas acerca de él, y esperaba",3
162,"ayude. Respondiendo Jesús, le dijo: Marta, Marta, afanada y turbada estás con muchas cosas. Pero sólo una cosa es necesaria; y María ha escogido la buena parte, la cual no le será quitada. Aconteció que estaba Jesús orando en un lugar, y cuando terminó, uno de sus discípulos le dijo: Señor, enséñanos a orar, como también Juan enseñó a sus discípulos. Y les dijo: Cuando oréis, decid: Padre nuestro que estás en los cielos, santificado",3
163,"para que no crean y se salven. Los de sobre la piedra son los que habiendo oído, reciben la palabra con gozo; pero éstos no tienen raíces; creen por algún tiempo, y en el tiempo de la prueba se apartan. La que cayó entre espinos, éstos son los que oyen, pero yéndose, son ahogados por los afanes y las riquezas y los placeres de la vida, y no llevan fruto. Mas la que cayó en",3
164,"Y cuando el diablo hubo acabado toda tentación, se apartó de él por un tiempo. Y Jesús volvió en el poder del Espíritu a Galilea, y se difundió su fama por toda la tierra de alrededor. Y enseñaba en las sinagogas de ellos, y era glorificado por todos. Vino a Nazaret, donde se había criado; y en el día de reposo entró en la sinagoga, conforme a su costumbre, y se levantó a leer. Y",3
165,"Jerusalén conforme a la costumbre de la fiesta. Al regresar ellos, acabada la fiesta, se quedó el niño Jesús en Jerusalén, sin que lo supiesen José y su madre. Y pensando que estaba entre la compañía, anduvieron camino de un día; y le buscaban entre los parientes y los conocidos; pero como no le hallaron, volvieron a Jerusalén buscándole. Y aconteció que tres días después le hallaron en el templo, sentado en medio de los",3
166,"porque un espíritu no tiene carne ni huesos, como veis que yo tengo. Y diciendo esto, les mostró las manos y los pies. Y como todavía ellos, de gozo, no lo creían, y estaban maravillados, les dijo: ¿Tenéis aquí algo de comer? Entonces le dieron parte de un pez asado, y un panal de miel. Y él lo tomó, y comió delante de ellos. Y les dijo: Estas son las palabras que os hablé, estando",3
167,"todas las naciones, comenzando desde Jerusalén. Y vosotros sois testigos de estas cosas. He aquí, yo enviaré la promesa de mi Padre sobre vosotros; pero quedaos vosotros en la ciudad de Jerusalén, hasta que seáis investidos de poder desde lo alto. Y los sacó fuera hasta Betania, y alzando sus manos, los bendijo. Y aconteció que bendiciéndolos, se separó de ellos, y fue llevado arriba al cielo. Ellos, después de haberle adorado, volvieron a Jerusalén",3
168,"Ningún siervo puede servir a dos señores; porque o aborrecerá al uno y amará al otro, o estimará al uno y menospreciará al otro. No podéis servir a Dios y a las riquezas. Y oían también todas estas cosas los fariseos, que eran avaros, y se burlaban de él. Entonces les dijo: Vosotros sois los que os justificáis a vosotros mismos delante de los hombres; mas Dios conoce vuestros corazones; porque lo que los hombres",3
169,"que sobrevendrán en la tierra; porque las potencias de los cielos serán conmovidas. Entonces verán al Hijo del Hombre, que vendrá en una nube con poder y gran gloria. Cuando estas cosas comiencen a suceder, erguíos y levantad vuestra cabeza, porque vuestra redención está cerca. También les dijo una parábola: Mirad la higuera y todos los árboles. Cuando ya brotan, viéndolo, sabéis por vosotros mismos que el verano está ya cerca. Así también vosotros, cuando",3
